key,reference,year,doi_or_url,perturbation,objective,relation_to_revision,claim_class
jia2022,Jia Liu Cao Gong. Certified Robustness of Nearest Neighbors against Data Poisoning and Backdoor Attacks,2022,https://doi.org/10.1609/aaai.v36i9.21191,modify/add/remove training examples,certified poisoning and backdoor robustness,different adversarial training-data model; direct comparator,prior work
jia2019,Jia Dao Wang Hubis Gurel Li Zhang Spanos Song. Efficient Task-Specific Data Valuation for Nearest Neighbor Algorithms,2019,https://doi.org/10.14778/3342263.3342637,subset coalition valuation,exact kNN Shapley data value,different coalition utility and valuation target; closest data-influence comparator,prior work
wang2023,Wang Zhu Wang Jia Mittal. A Privacy-Friendly Approach to Data Valuation,2023,https://doi.org/10.52202/075280-2640,subset valuation and data quality,privacy-friendly TKNN-Shapley valuation,published data-valuation comparator; not run as a direct baseline in this revision,prior work
rosenfeld2020,Rosenfeld et al. Certified Robustness to Label-Flipping Attacks via Randomized Smoothing,2020,https://proceedings.mlr.press/v119/rosenfeld20b.html,randomized training-label flips,pointwise certification,different randomized-smoothing classifier and target; comparator,prior work
centurion2025,Centurion Chubarian Fan Sgherzi Radhakrishnan Sidiropoulos Straight. Geometric Algorithms for k-NN Poisoning,2025,https://doi.org/10.57717/cgt.v4i2.55,geometric poisoning of kNN data,approximate attack optimization,different position/poisoning objective; comparator,prior work
sun2016,Sun Qiao Cheng. Stabilized Nearest Neighbor Classifier and its Statistical Properties,2016,https://doi.org/10.1080/01621459.2015.1089772,resampling/sampling variability,classification instability and risk,different distributional sampling instability,prior work
cannings2020,Cannings Fan Samworth. Classification with imperfect training labels,2020,https://doi.org/10.1093/biomet/asaa011,feature/label-dependent noisy labels,excess classification risk,distribution-level noisy-label theory rather than conditional fixed-neighborhood risk,prior work
peres2021,Peres. Noise Stability of Weighted Majority,2021,https://doi.org/10.1007/978-3-030-60754-8_27,independent Boolean bit flips,noise sensitivity of weighted majority,source for classical noise-stability comparison,prior work
bks1992,Bourgain Kahn Kalai Katznelson Linial. The Influence of Variables in Product Spaces,1992,https://doi.org/10.1007/BF02808010,product-space noise,Boolean influence and product-space inequalities,source for Boolean influence context,prior work
koh2017,Koh Liang. Understanding Black-box Predictions via Influence Functions,2017,https://proceedings.mlr.press/v70/koh17a.html,infinitesimal reweighting/retraining,training-data influence,different differentiable retraining counterfactual,prior work
ghorbani2019,Ghorbani Zou. Data Shapley: Equitable Valuation of Data for Machine Learning,2019,https://proceedings.mlr.press/v97/ghorbani19c.html,subset valuation,utility allocation,different coalition utility objective,prior work
wilson1972,Wilson. Asymptotic Properties of Nearest Neighbor Rules Using Edited Data,1972,https://doi.org/10.1109/TSMC.1972.4309137,prototype editing,nearest-neighbor editing baseline,application baseline
requena2026,Requena Galan-Cuenca Gallego Valero-Mas et al. Exploring the impact of label-level noise on multi-label k-Nearest Neighbor classification,2026,https://doi.org/10.1007/s10044-026-01707-x,multi-label label-level noise,probabilistic multi-label kNN analysis,different multi-label setting; related PAA scope,prior work
dudani1976,Dudani. The Distance-Weighted k-Nearest-Neighbor Rule,1976,https://doi.org/10.1016/0031-3203(76)90005-5,distance-weighted voting,weighted kNN baseline,policy comparator,prior work
garcia2012,Garcia Derrac Cano Herrera. Prototype Selection for Nearest Neighbor Classification: Taxonomy and Empirical Study,2012,https://doi.org/10.1109/TPAMI.2011.142,prototype selection,editing and selection survey,application comparator,prior work
